Using username "ec2-user".
Authenticating with public key "udacity"

       __|  __|_  )
       _|  (     /   Amazon Linux 2 AMI
      ___|\___|___|

https://aws.amazon.com/amazon-linux-2/
[ec2-user@ip-10-1-10-118 ~]$ sudo su
[root@ip-10-1-10-118 ec2-user]# yum update -y
Loaded plugins: extras_suggestions, langpacks, priorities, update-motd
No packages marked for update
[root@ip-10-1-10-118 ec2-user]# yum install mysql -y
Loaded plugins: extras_suggestions, langpacks, priorities, update-motd
Resolving Dependencies
--> Running transaction check
---> Package mariadb.x86_64 1:5.5.68-1.amzn2 will be installed
--> Finished Dependency Resolution

Dependencies Resolved

================================================================================
 Package        Arch          Version                   Repository         Size
================================================================================
Installing:
 mariadb        x86_64        1:5.5.68-1.amzn2          amzn2-core        8.8 M

Transaction Summary
================================================================================
Install  1 Package

Total download size: 8.8 M
Installed size: 49 M
Downloading packages:
mariadb-5.5.68-1.amzn2.x86_64.rpm                          | 8.8 MB   00:00
Running transaction check
Running transaction test
Transaction test succeeded
Running transaction
  Installing : 1:mariadb-5.5.68-1.amzn2.x86_64                              1/1
  Verifying  : 1:mariadb-5.5.68-1.amzn2.x86_64                              1/1

Installed:
  mariadb.x86_64 1:5.5.68-1.amzn2

Complete!
[root@ip-10-1-10-118 ec2-user]# mysql -h database-primary.cfpebu58padd.us-east-1.rds.amazonaws.com -P 3306 -u admin -p
Enter password:
Welcome to the MariaDB monitor.  Commands end with ; or \g.
Your MySQL connection id is 21
Server version: 8.0.28 Source distribution

Copyright (c) 2000, 2018, Oracle, MariaDB Corporation Ab and others.

Type 'help;' or '\h' for help. Type '\c' to clear the current input statement.

MySQL [(none)]> show databases;
+--------------------+
| Database           |
+--------------------+
| information_schema |
| mysql              |
| performance_schema |
| sys                |
| udacity            |
+--------------------+
5 rows in set (0.00 sec)

MySQL [(none)]> select udacity;
ERROR 1054 (42S22): Unknown column 'udacity' in 'field list'
MySQL [(none)]> connect udacity;
Connection id:    22
Current database: udacity

MySQL [udacity]> CREATE TABLE MyGuests (
    ->     id INT(6) UNSIGNED AUTO_INCREMENT PRIMARY KEY,
    ->     firstname VARCHAR(30) NOT NULL,
    ->     lastname VARCHAR(30) NOT NULL,
    ->     email VARCHAR(50),
    ->     reg_date TIMESTAMP DEFAULT CURRENT_TIMESTAMP ON UPDATE CURRENT_TIMESTAMP
    -> dgdfgdfgd
    -> ;
ERROR 1064 (42000): You have an error in your SQL syntax; check the manual that corresponds to your MySQL server version for the right syntax to use near 'id INT(6) UNSIGNED AUTO_INCREMENT PRIMARY KEY,
    firstname VARCHAR(30) NOT ' at line 2
MySQL [udacity]> CREATE TABLE first_tb (
    ->     id INT(6) UNSIGNED AUTO_INCREMENT PRIMARY KEY,
    ->     firstname VARCHAR(30) NOT NULL,
    ->     lastname VARCHAR(30) NOT NULL,
    ->     email VARCHAR(50),
    ->     reg_date TIMESTAMP DEFAULT CURRENT_TIMESTAMP ON UPDATE CURRENT_TIMESTAMP
    -> );
ERROR 1064 (42000): You have an error in your SQL syntax; check the manual that corresponds to your MySQL server version for the right syntax to use near 'id INT(6) UNSIGNED AUTO_INCREMENT PRIMARY KEY,
    firstname VARCHAR(30) NOT ' at line 2
MySQL [udacity]> CREATE TABLE utable (
    ->     id INT(6) UNSIGNED AUTO_INCREMENT PRIMARY KEY,
    ->     firstname VARCHAR(30) NOT NULL,
    ->     lastname VARCHAR(30) NOT NULL,
    ->     email VARCHAR(50),
    ->     reg_date TIMESTAMP DEFAULT CURRENT_TIMESTAMP ON UPDATE CURRENT_TIMESTAMP
    -> );
ERROR 1064 (42000): You have an error in your SQL syntax; check the manual that corresponds to your MySQL server version for the right syntax to use near 'id INT(6) UNSIGNED AUTO_INCREMENT PRIMARY KEY,
    firstname VARCHAR(30) NOT ' at line 2
MySQL [udacity]> CREATE TABLE utable(
    ->     id INT(6) UNSIGNED AUTO_INCREMENT PRIMARY KEY,
    ->     firstname VARCHAR(30) NOT NULL,
    ->     lastname VARCHAR(30) NOT NULL,
    ->     email VARCHAR(50),
    ->     reg_date TIMESTAMP DEFAULT CURRENT_TIMESTAMP ON UPDATE CURRENT_TIMESTAMP
    -> );
ERROR 1064 (42000): You have an error in your SQL syntax; check the manual that corresponds to your MySQL server version for the right syntax to use near 'id INT(6) UNSIGNED AUTO_INCREMENT PRIMARY KEY,
    firstname VARCHAR(30) NOT ' at line 2
MySQL [udacity]> CREATE TABLE utable(
    ->     id INT(6) AUTO_INCREMENT PRIMARY KEY,
    ->     firstname VARCHAR(30) NOT NULL,
    ->     lastname VARCHAR(30) NOT NULL,
    ->     email VARCHAR(50),
    ->     reg_date TIMESTAMP DEFAULT CURRENT_TIMESTAMP ON UPDATE CURRENT_TIMESTAMP
    -> );
ERROR 1064 (42000): You have an error in your SQL syntax; check the manual that corresponds to your MySQL server version for the right syntax to use near 'id INT(6) AUTO_INCREMENT PRIMARY KEY,
    firstname VARCHAR(30) NOT NULL,
 ▒' at line 2
MySQL [udacity]> CREATE TABLE utable(id INT(6) AUTO_INCREMENT PRIMARY KEY,firstname VARCHAR(30) NOT NULL, lastname VARCHAR(30) NOT NULL,email VARCHAR(50),reg_date TIMESTAMP DEFAULT CURRENT_TIMESTAMP ON UPDATE CURRENT_TIMESTAMP);
Query OK, 0 rows affected, 1 warning (0.06 sec)

MySQL [udacity]> INSERT INTO utable(firstname, lastname, email, reg_date) VALUES('lam', 'dt', 'lamdt1@fsoft.com.vn', current_timestamp());
Query OK, 1 row affected (0.01 sec)

MySQL [udacity]> select * from utable;
+----+-----------+----------+---------------------+---------------------+
| id | firstname | lastname | email               | reg_date            |
+----+-----------+----------+---------------------+---------------------+
|  1 | lam       | dt       | lamdt1@fsoft.com.vn | 2023-03-10 08:35:06 |
+----+-----------+----------+---------------------+---------------------+
1 row in set (0.01 sec)

MySQL [udacity]> INSERT INTO utable(firstname, lastname, email, reg_date) VALUES('lam', 'dt', 'lamdt1@fsoft.com.vn', current_timestamp());
